{
    "anchorpoints": [],
    "portpins": [
        {
            "name": "1",
            "position": [
                -1.7763568394002505e-15,
                -29.999999999999986,
                5.779499999999996
            ],
            "rotation": [
                0.0,
                0.0,
                1.0,
                1.0,
                0.0,
                0.0,
                0.0,
                1.0,
                0.0
            ]
        },
        {
            "name": "2",
            "position": [
                6.882590180780445,
                29.976497038388878,
                3.279499999999998
            ],
            "rotation": [
                0.0,
                0.0,
                -1.0,
                1.0,
                -0.0,
                0.0,
                -0.0,
                -1.0,
                -0.0
            ]
        },
        {
            "name": "3",
            "position": [
                -6.882590180780453,
                29.97649703838887,
                5.779499999999996
            ],
            "rotation": [
                0.0,
                0.0,
                -1.0,
                1.0,
                -0.0,
                0.0,
                -0.0,
                -1.0,
                -0.0
            ]
        }
    ],
    "version": 7
}